{
	"images" : [
		{
			"extent" : "full-screen",
			"filename" : "Default-Portrait-812@3x.png",
			"idiom" : "iphone",
			"orientation" : "portrait",
			"minimum-system-version" : "11.0",
			"subtype":"2436h",
			"scale" : "3x"
		},

		{
			"extent" : "full-screen",
			"filename" : "Default.png",
			"idiom" : "iphone",
			"orientation" : "portrait",
			"scale" : "1x"
		},
		{
			"extent" : "full-screen",
			"filename" : "Default@2x.png",
			"idiom" : "iphone",
			"orientation" : "portrait",
			"scale" : "2x"
		},
		{
			"extent" : "full-screen",
			"filename" : "Default@2x.png",
			"idiom" : "iphone",
			"minimum-system-version" : "7.0",
			"orientation" : "portrait",
			"scale" : "2x"
		},
		{
			"extent" : "full-screen",
			"filename" : "Default-568h@2x.png",
			"idiom" : "iphone",
			"orientation" : "portrait",
			"scale" : "2x",
			"subtype" : "retina4"
		},
		{
			"extent" : "full-screen",
			"filename" : "Default-568h@2x.png",
			"idiom" : "iphone",
			"minimum-system-version" : "7.0",
			"orientation" : "portrait",
			"scale" : "2x",
			"subtype" : "retina4"
		},
		{
			"extent" : "full-screen",
			"filename" : "Default-667h@2x.png",
			"idiom" : "iphone",
			"minimum-system-version" : "8.0",
			"orientation" : "portrait",
			"scale" : "2x",
			"subtype" : "667h"
		},
		{
			"extent" : "full-screen",
			"filename" : "Default-Portrait@3x.png",
			"idiom" : "iphone",
			"minimum-system-version" : "8.0",
			"orientation" : "portrait",
			"scale" : "3x",
			"subtype" : "736h"
		},
		{
			"extent" : "full-screen",
			"filename" : "Default-Landscape@3x.png",
			"idiom" : "iphone",
			"minimum-system-version" : "8.0",
			"orientation" : "landscape",
			"scale" : "3x",
			"subtype" : "736h"
		},
		{
			"extent" : "full-screen",
			"filename" : "Default-Portrait.png",
			"idiom" : "ipad",
			"orientation" : "portrait",
			"scale" : "1x"
		},
		{
			"extent" : "full-screen",
			"filename" : "Default-Portrait.png",
			"idiom" : "ipad",
			"minimum-system-version" : "7.0",
			"orientation" : "portrait",
			"scale" : "1x"
		},
		{
			"extent" : "full-screen",
			"filename" : "Default-Landscape.png",
			"idiom" : "ipad",
			"orientation" : "landscape",
			"scale" : "1x"
		},
		{
			"extent" : "full-screen",
			"filename" : "Default-Landscape.png",
			"idiom" : "ipad",
			"minimum-system-version" : "7.0",
			"orientation" : "landscape",
			"scale" : "1x"
		},
		{
			"extent" : "full-screen",
			"filename" : "Default-Portrait@2x.png",
			"idiom" : "ipad",
			"orientation" : "portrait",
			"scale" : "2x"
		},
		{
			"extent" : "full-screen",
			"filename" : "Default-Portrait@2x.png",
			"idiom" : "ipad",
			"minimum-system-version" : "7.0",
			"orientation" : "portrait",
			"scale" : "2x"
		},
		{
			"extent" : "full-screen",
			"filename" : "Default-Landscape@2x.png",
			"idiom" : "ipad",
			"orientation" : "landscape",
			"scale" : "2x"
		},
		{
			"extent" : "full-screen",
			"filename" : "Default-Landscape@2x.png",
			"idiom" : "ipad",
			"minimum-system-version" : "7.0",
			"orientation" : "landscape",
			"scale" : "2x"
		}
	],
	"info" : {
		"author" : "xcode",
		"version" : 1
	}
}